TEAM_ID,SEASON,PTS_home,FG_PCT_home,FT_PCT_home,FG3_PCT_home,AST_home,REB_home,PTS_away,FG_PCT_away,FT_PCT_away,FG3_PCT_away,AST_away,REB_away
1610612737,2003,4023.0,18.416999999999998,32.679,14.154,850.0,1864.0,3668.0,17.501,31.373,12.516,816.0,1684.0
1610612738,2003,4185.0,19.492,33.619,15.096,907.0,1841.0,4053.0,19.015,32.211,14.145999999999999,867.0,1650.0
1610612739,2003,3917.0,17.853,31.496,13.037,963.0,1893.0,3885.0,18.717,31.156,13.925,891.0,1941.0
1610612740,2003,4207.0,19.507,33.375,15.414,1038.0,1907.0,3991.0,18.272,34.342,13.256,840.0,1937.0
1610612741,2003,3645.0,16.63,29.449,14.197,933.0,1872.0,3768.0,17.942,30.515,14.893,870.0,1726.0
1610612742,2003,4784.0,21.007,35.067,15.651,1074.0,2077.0,4524.0,19.689,35.506,14.328,1032.0,1986.0
1610612743,2003,4310.0,19.401,32.434,14.624,1091.0,1905.0,4115.0,19.169999999999998,33.743,14.168,805.0,1781.0
1610612744,2003,3969.0,18.478,29.803,13.376,865.0,1897.0,3680.0,17.811,29.479,13.633,816.0,1638.0
1610612745,2003,3916.0,19.395,32.224,15.256,880.0,1886.0,4027.0,19.813,36.196,16.366,803.0,1905.0
1610612746,2003,3942.0,17.762999999999998,32.045,13.768,863.0,1770.0,3911.0,17.774,33.162,12.602,803.0,1845.0
1610612747,2003,5086.0,23.915,35.846000000000004,15.626999999999999,1286.0,2250.0,4905.0,23.087,34.783,16.238,1160.0,2171.0
1610612748,2003,4513.0,21.307,37.041000000000004,16.331,891.0,2072.0,4068.0,19.352999999999998,35.759,16.04,901.0,1926.0
1610612749,2003,4323.0,19.677,32.54,16.323,1052.0,1827.0,4238.0,19.622,35.378,13.775,943.0,1874.0
1610612750,2003,4858.0,23.825,39.827,17.633,1254.0,2234.0,4550.0,22.017,38.665,17.43,983.0,2042.0
1610612751,2003,4250.0,20.875,34.946,15.565,1170.0,1929.0,4222.0,20.459,34.94,14.308,1086.0,1923.0
1610612752,2003,4005.0,19.15,33.515,15.027,866.0,1911.0,3959.0,19.113,35.238,15.484,926.0,1773.0
1610612753,2003,3878.0,17.66,30.366,14.077,755.0,1679.0,4020.0,18.479,31.484,14.299,861.0,1745.0
1610612754,2003,4501.0,21.16,37.766,16.508,1123.0,2146.0,4422.0,21.492,36.786,16.21,948.0,1975.0
1610612755,2003,3626.0,17.947,30.632,12.897,839.0,1733.0,3668.0,17.616,31.923000000000002,14.729999999999999,808.0,1660.0
1610612756,2003,4005.0,18.902,30.941,15.241999999999999,777.0,1716.0,3797.0,17.877,30.79,12.775,826.0,1657.0
1610612757,2003,3919.0,19.206,30.712,14.421999999999999,993.0,1743.0,3625.0,18.113,30.162,14.195,797.0,1706.0
1610612758,2003,5057.0,22.686,38.476,18.802,1252.0,2015.0,4619.0,20.935,36.882,17.425,1193.0,1932.0
1610612759,2003,4306.0,21.011,30.918,16.419,951.0,2061.0,4088.0,19.706,31.352,15.626,919.0,2060.0
1610612760,2003,4107.0,18.74,31.611,15.722999999999999,924.0,1658.0,3955.0,18.208,31.567,15.306999999999999,880.0,1609.0
1610612761,2003,3658.0,17.887,31.163,13.735,827.0,1680.0,3424.0,16.735,30.848,15.038,764.0,1608.0
1610612762,2003,3778.0,18.632,31.808,13.758,846.0,1754.0,3583.0,17.660999999999998,30.256,12.533,848.0,1662.0
1610612763,2003,4323.0,19.919999999999998,31.718,15.192,1059.0,1923.0,4046.0,18.843,31.45,14.061,939.0,1691.0
1610612764,2003,3944.0,18.007,30.711000000000002,15.132,824.0,1837.0,3759.0,17.369,29.739,12.895999999999999,754.0,1756.0
1610612765,2003,5016.0,23.959,40.025,18.102999999999998,1212.0,2441.0,4575.0,22.186,40.088,16.469,978.0,2173.0
1610612737,2004,3931.0,18.71,29.788,13.389999999999999,845.0,1804.0,3828.0,18.223,29.34,12.27,806.0,1704.0
1610612738,2004,4734.0,22.459,36.451,17.095,1060.0,1978.0,4454.0,20.587,33.494,14.463999999999999,925.0,1752.0
1610612739,2004,4074.0,18.998,30.904,14.206,1015.0,1815.0,4028.0,18.709,31.995,12.758999999999999,878.0,1732.0
1610612740,2004,3703.0,17.587,31.613,11.939,934.0,1649.0,3818.0,17.681,34.023,13.698,836.0,1769.0
1610612741,2004,4426.0,20.126,33.334,16.446,1061.0,2071.0,4194.0,19.269,34.333,16.026,873.0,1912.0
1610612742,2004,5251.0,22.938,39.68,17.854,956.0,2231.0,4904.0,22.266,38.275,18.041999999999998,944.0,2020.0
1610612743,2004,4593.0,21.054,33.944,15.535,1180.0,1921.0,4515.0,21.184,35.632,15.397,996.0,1914.0
1610612744,2004,4354.0,18.684,30.903,14.241,996.0,1890.0,3996.0,17.822,30.471,14.629,871.0,1740.0
1610612745,2004,4194.0,19.75,33.766,16.035,972.0,1924.0,4445.0,20.737,37.686,16.938,918.0,1897.0
1610612746,2004,4247.0,20.253,33.043,14.266,1073.0,1879.0,3957.0,19.088,33.823,15.069999999999999,912.0,1737.0
1610612747,2004,4229.0,18.816,32.971000000000004,15.271999999999998,903.0,1851.0,3979.0,17.553,31.641000000000002,14.464,789.0,1734.0
1610612748,2004,4958.0,24.035,33.232,17.77,982.0,2103.0,5129.0,24.727,34.324,19.692999999999998,1144.0,2165.0
1610612749,2004,4168.0,19.201,33.283,14.687999999999999,926.0,1756.0,3970.0,18.57,31.03,14.209,834.0,1724.0
1610612750,2004,4394.0,20.8,35.312,15.753,1128.0,1905.0,3923.0,18.777,32.654,14.084999999999999,895.0,1789.0
1610612751,2004,4142.0,19.431,35.162,15.292,1026.0,1824.0,4093.0,19.14,33.918,16.378,918.0,1752.0
1610612752,2004,4245.0,19.852,33.899,16.527,876.0,1734.0,4095.0,18.852,31.801000000000002,14.508,867.0,1783.0
1610612753,2004,4429.0,20.183,32.613,15.274,877.0,1926.0,3935.0,18.119,30.933,13.607999999999999,744.0,1742.0
1610612754,2004,4624.0,21.543,39.143,16.979,946.0,2048.0,4552.0,21.352999999999998,39.395,17.553,869.0,1943.0
1610612755,2004,4537.0,20.13,35.592,15.642999999999999,958.0,1887.0,4322.0,19.308999999999997,34.76,15.859,903.0,1838.0
1610612756,2004,5554.0,23.929,38.262,19.25,1154.0,2246.0,5514.0,24.195999999999998,36.782000000000004,20.405,1147.0,2168.0
1610612757,2004,4076.0,19.904,31.225,15.397,940.0,1775.0,3876.0,18.785,30.93,14.911999999999999,853.0,1778.0
1610612758,2004,4787.0,21.29,35.366,17.522,1120.0,1914.0,4598.0,20.35,36.509,15.593,1061.0,1867.0
1610612759,2004,5327.0,25.91,40.098,21.881,1182.0,2352.0,5081.0,23.191,38.236,17.965999999999998,1080.0,2222.0
1610612760,2004,4863.0,21.834,37.664,17.544,904.0,1985.0,4602.0,21.008,37.909,16.798,809.0,1927.0
1610612761,2004,4263.0,18.857,32.354,17.167,897.0,1680.0,4299.0,19.29,33.644,16.018,869.0,1780.0
1610612762,2004,3971.0,19.182,31.943,14.822,931.0,1697.0,4005.0,19.442,33.263,14.404,979.0,1759.0
1610612763,2004,4143.0,19.909,32.285,15.125,911.0,1748.0,4125.0,19.727,33.474,16.159,936.0,1687.0
1610612764,2004,4835.0,20.730999999999998,34.284,15.983999999999998,909.0,2060.0,4684.0,20.653,34.451,15.856,875.0,1988.0
1610612765,2004,5148.0,24.218,41.314,18.419999999999998,1226.0,2465.0,5124.0,25.053,40.641,19.329,1159.0,2298.0
1610612766,2004,4100.0,18.895,30.559,16.152,979.0,1812.0,3865.0,17.904,29.239,15.029,877.0,1721.0
1610612737,2005,4374.0,20.539,33.165,15.89,897.0,1786.0,4272.0,20.264,33.337,16.68,862.0,1782.0
1610612738,2005,4327.0,20.876,33.661,15.801,963.0,1843.0,4468.0,21.303,33.858,16.692,929.0,1718.0
1610612739,2005,4989.0,23.387999999999998,37.493,17.570999999999998,1011.0,2218.0,4968.0,23.131,38.057,16.681,914.0,2136.0
1610612740,2005,4289.0,20.372999999999998,34.102,15.244,853.0,1868.0,3983.0,18.97,32.95,15.417,805.0,1701.0
1610612741,2005,4718.0,21.707,35.222,18.342,1081.0,2051.0,4640.0,21.116,35.13,17.813,991.0,2037.0
1610612742,2005,5642.0,26.112,43.725,21.983999999999998,1009.0,2409.0,5519.0,25.967,45.315,20.233,958.0,2338.0
1610612743,2005,4852.0,21.819,34.198,15.735,1193.0,2051.0,4622.0,21.852,36.248,15.447999999999999,1002.0,1871.0
1610612744,2005,4385.0,19.416999999999998,31.284,14.498999999999999,974.0,1924.0,4372.0,19.003,32.803,15.712,841.0,1853.0
1610612745,2005,4005.0,19.29,33.816,13.684,869.0,1907.0,4000.0,19.291999999999998,33.566,15.636,850.0,1790.0
1610612746,2005,4773.0,22.977,38.344,16.663,1120.0,2111.0,5137.0,24.314999999999998,41.576,18.848,986.0,2257.0
1610612747,2005,5298.0,23.895,38.988,16.829,1141.0,2221.0,4354.0,20.035,33.681,15.863,874.0,1877.0
1610612748,2005,5845.0,28.768,39.497,18.270999999999997,1101.0,2447.0,5162.0,24.648,36.906,18.657,1104.0,2332.0
1610612749,2005,4586.0,21.416999999999998,33.188,18.03,1086.0,1887.0,4688.0,21.59,36.472,18.701,940.0,1990.0
1610612750,2005,4237.0,20.798,33.839,14.756,1027.0,1834.0,3996.0,20.218,33.624,14.918999999999999,849.0,1704.0
1610612751,2005,4774.0,22.369,38.225,14.77,1236.0,2085.0,4713.0,22.323,38.035000000000004,16.649,1055.0,2037.0
1610612752,2005,4314.0,20.146,31.874,13.799999999999999,786.0,1860.0,4169.0,20.456,31.961,18.346,805.0,1845.0
1610612753,2005,4170.0,20.689,31.803,14.876,796.0,1784.0,4162.0,20.768,32.194,17.679,804.0,1739.0
1610612754,2005,4591.0,21.764,35.669,17.291,978.0,2079.0,4403.0,20.986,35.437,15.807,914.0,1909.0
1610612755,2005,4535.0,20.802,34.111,15.764999999999999,926.0,1865.0,4281.0,20.0,32.759,15.977,866.0,1708.0
1610612756,2005,6101.0,27.386,45.732,23.144,1412.0,2307.0,5754.0,25.391,43.24,20.410999999999998,1451.0,2206.0
1610612757,2005,4162.0,20.444,31.962,15.895999999999999,876.0,1775.0,3796.0,19.422,30.119,13.754,771.0,1620.0
1610612758,2005,4808.0,22.241,37.637,16.467,1055.0,1919.0,4661.0,21.28,37.958,16.367,1026.0,1968.0
1610612759,2005,5054.0,24.797,36.036,19.34,1105.0,2202.0,4844.0,23.823,37.318,19.081,1017.0,2018.0
1610612760,2005,4617.0,20.636,35.239,16.852,963.0,1750.0,4451.0,20.063,34.156,16.044999999999998,860.0,1767.0
1610612761,2005,4619.0,20.424,35.883,16.085,894.0,1767.0,4350.0,19.898999999999997,34.099,16.469,847.0,1643.0
1610612762,2005,3964.0,19.001,31.084,14.738999999999999,894.0,1860.0,4224.0,20.463,33.092999999999996,14.205,1017.0,1876.0
1610612763,2005,4326.0,21.26,33.132,17.176,909.0,1913.0,4186.0,20.435,32.593,17.96,867.0,1715.0
1610612764,2005,4751.0,20.980999999999998,34.703,16.456,877.0,1931.0,4914.0,21.727,36.601,17.637,884.0,2037.0
1610612765,2005,5495.0,25.568,40.986,20.833,1344.0,2407.0,4827.0,23.047,37.546,20.833,1131.0,1976.0
1610612766,2005,4317.0,18.963,31.826,14.501,914.0,1796.0,4371.0,19.822,33.273,15.158,976.0,1790.0
1610612737,2006,4348.0,20.224999999999998,34.465,14.045,923.0,1834.0,4112.0,19.707,34.344,15.168,805.0,1761.0
1610612738,2006,4321.0,20.011,34.677,16.519,945.0,1828.0,4363.0,20.087,34.172,16.096,847.0,1812.0
1610612739,2006,5334.0,24.898,38.085,19.538,1192.0,2500.0,4989.0,23.214,37.865,17.352999999999998,1007.0,2241.0
1610612740,2006,4095.0,19.164,31.91,16.016,821.0,1881.0,4398.0,20.432,34.042,15.971,855.0,1917.0
1610612741,2006,5038.0,23.288,37.698,18.147,1185.0,2288.0,4752.0,22.147,35.204,19.759999999999998,1034.0,2056.0
1610612742,2006,4864.0,22.483,38.459,18.499,976.0,2061.0,4589.0,21.561,38.304,16.782999999999998,896.0,1996.0
1610612743,2006,4886.0,21.265,33.845,14.443999999999999,1127.0,2019.0,5000.0,22.173,35.855,16.907,1051.0,2067.0
1610612744,2006,5281.0,23.149,33.531,17.593,1224.0,2021.0,5317.0,22.908,37.478,17.082,1052.0,2049.0
1610612745,2006,4748.0,21.963,36.217,18.264,1044.0,2111.0,4454.0,20.46,36.022,16.910999999999998,922.0,2033.0
1610612746,2006,4369.0,20.608999999999998,35.410000000000004,14.83,1035.0,1835.0,4047.0,19.436,33.615,15.905999999999999,837.0,1775.0
1610612747,2006,5337.0,23.477999999999998,35.361,18.301,1272.0,2145.0,4412.0,20.038,33.399,14.218,846.0,1751.0
1610612748,2006,4304.0,21.887,30.566,15.416,866.0,1831.0,4415.0,21.055,33.101,15.953,1001.0,1929.0
1610612749,2006,4563.0,21.318,32.904,16.509,1047.0,1760.0,4384.0,20.155,33.095,15.203,886.0,1758.0
1610612750,2006,4410.0,20.993,35.308,15.421999999999999,1048.0,1851.0,4253.0,20.266,35.099000000000004,15.661999999999999,954.0,1781.0
1610612751,2006,4981.0,22.933,37.511,17.883,1282.0,2087.0,4925.0,23.492,37.23,18.814,1151.0,2060.0
1610612752,2006,4424.0,20.332,31.683,14.234,853.0,1945.0,4222.0,20.094,31.284,15.177,809.0,1871.0
1610612753,2006,4476.0,22.244,33.579,15.194999999999999,858.0,1923.0,4441.0,22.095,32.347,17.339,896.0,1894.0
1610612754,2006,4412.0,20.142,34.169,14.811,955.0,1920.0,4196.0,19.368,33.266,14.856,883.0,1833.0
1610612755,2006,4190.0,20.012,34.212,15.745,935.0,1836.0,4102.0,19.922,32.512,14.863999999999999,842.0,1619.0
1610612756,2006,5434.0,24.537,40.766,19.413,1221.0,2063.0,5347.0,23.754,37.839,19.339,1302.0,1938.0
1610612757,2006,4249.0,20.161,34.066,15.373,849.0,1748.0,4247.0,20.724999999999998,35.118,15.552,799.0,1769.0
1610612758,2006,4645.0,20.593,34.546,15.787,906.0,1779.0,4441.0,19.66,33.914,15.241999999999999,906.0,1723.0
1610612759,2006,5504.0,26.750999999999998,41.368,20.839,1245.0,2322.0,4917.0,23.716,39.052,19.669,1070.0,2031.0
1610612760,2006,4387.0,20.142,34.931,15.308,936.0,1760.0,4547.0,21.009,35.463,15.958,920.0,1810.0
1610612761,2006,4797.0,22.219,36.672,18.044,1079.0,1907.0,4632.0,21.259,37.851,15.943,995.0,1831.0
1610612762,2006,5319.0,24.892,38.164,17.885,1288.0,2226.0,5487.0,25.46,41.195,17.896,1283.0,2371.0
1610612763,2006,4692.0,21.271,33.945,16.294,915.0,1763.0,4345.0,20.253,34.062,14.728,889.0,1787.0
1610612764,2006,4597.0,20.088,33.467,15.18,930.0,1795.0,5086.0,22.160999999999998,37.715,17.230999999999998,949.0,2062.0
1610612765,2006,5216.0,24.464,41.178,19.041999999999998,1233.0,2154.0,4882.0,23.291999999999998,39.136,17.272,1034.0,2123.0
1610612766,2006,4465.0,20.171,33.503,16.596,1035.0,1851.0,4262.0,19.669999999999998,32.01,15.084,976.0,1740.0
1610612737,2007,4879.0,22.462,37.622,15.7,1167.0,2048.0,4600.0,21.312,37.124,16.58,917.0,2026.0
1610612738,2007,5814.0,28.235,45.032,21.657,1405.0,2463.0,5429.0,25.4,43.186,20.52,1112.0,2281.0
1610612739,2007,4906.0,22.319,37.406,16.78,1092.0,2324.0,4662.0,21.465,35.283,17.444,914.0,2139.0
1610612740,2007,5198.0,24.019,38.737,18.892,1177.0,2143.0,4923.0,22.753,38.515,19.219,960.0,2090.0
1610612741,2007,4437.0,19.887999999999998,34.313,16.438,1022.0,1987.0,4196.0,19.088,32.427,16.715,953.0,1812.0
1610612742,2007,4842.0,22.416999999999998,38.339,18.223,1019.0,2109.0,4640.0,21.46,38.729,15.823,944.0,1985.0
1610612743,2007,5167.0,21.437,35.104,15.828,1234.0,2161.0,5097.0,22.183,34.643,16.248,1013.0,1961.0
1610612744,2007,4757.0,19.53,31.341,14.626,1008.0,1860.0,4904.0,20.376,34.629,15.751999999999999,939.0,1899.0
1610612745,2007,4484.0,20.852999999999998,32.239,15.594999999999999,1020.0,2090.0,4485.0,20.783,34.925,16.044,939.0,2049.0
1610612746,2007,4092.0,19.358,34.167,12.006,997.0,1780.0,4319.0,19.657999999999998,35.299,16.803,907.0,1837.0
1610612747,2007,6311.0,27.566,45.235,22.891,1455.0,2581.0,5376.0,24.238,38.333,18.739,1135.0,2140.0
1610612748,2007,4074.0,19.82,33.147999999999996,14.738,854.0,1650.0,4018.0,19.502,31.882,16.635,908.0,1677.0
1610612749,2007,4460.0,20.434,33.096,16.591,1036.0,1890.0,4124.0,19.277,32.105,14.02,859.0,1819.0
1610612750,2007,4138.0,19.548,31.602,15.084999999999999,878.0,1813.0,4257.0,20.032,33.137,15.197999999999999,862.0,1838.0
1610612751,2007,4260.0,19.448,33.148,15.305,1057.0,1892.0,4082.0,19.393,31.812,15.003,969.0,1770.0
1610612752,2007,4171.0,19.189,30.118,14.241999999999999,755.0,1869.0,4129.0,18.473,32.328,14.601999999999999,835.0,1796.0
1610612753,2007,5323.0,24.643,36.606,20.929,1058.0,2153.0,4822.0,21.964,34.313,17.256999999999998,950.0,1976.0
1610612754,2007,4781.0,19.7,34.628,17.352,1024.0,2053.0,4487.0,19.625999999999998,33.299,16.181,994.0,1838.0
1610612755,2007,4400.0,21.147,32.142,13.572999999999999,970.0,1932.0,4578.0,21.598,34.146,16.153,905.0,1961.0
1610612756,2007,5156.0,22.922,36.116,17.714,1162.0,1957.0,5147.0,23.791,37.262,18.8,1305.0,1946.0
1610612757,2007,4331.0,20.31,33.861,17.317999999999998,1019.0,1804.0,4101.0,19.161,33.829,16.025,833.0,1790.0
1610612758,2007,4693.0,20.878,35.94,16.509999999999998,806.0,1836.0,4400.0,20.296,34.625,16.5,885.0,1713.0
1610612759,2007,5049.0,24.044999999999998,38.692,19.712,1141.0,2167.0,4851.0,23.313,39.662,19.058999999999997,1030.0,2141.0
1610612760,2007,4268.0,19.331,33.551,13.966,926.0,1921.0,4441.0,20.369,34.291,14.703,980.0,2063.0
1610612761,2007,4593.0,21.401,36.901,17.991,1102.0,1837.0,4407.0,20.621,36.437,16.876,1045.0,1761.0
1610612762,2007,5364.0,25.227999999999998,37.982,19.724,1332.0,2066.0,5201.0,24.065,38.207,16.595,1252.0,2121.0
1610612763,2007,4541.0,20.669999999999998,31.683,16.264,852.0,1839.0,4241.0,18.812,31.55,13.683,833.0,1798.0
1610612764,2007,4502.0,20.565,35.177,16.035,913.0,1865.0,4672.0,20.933,37.842,15.988,889.0,2037.0
1610612765,2007,5438.0,25.576,41.631,19.485,1314.0,2308.0,4892.0,23.115,40.468,18.977999999999998,1037.0,2053.0
1610612766,2007,4468.0,20.679,32.8,16.658,948.0,1855.0,4161.0,19.576,31.292,15.501999999999999,933.0,1741.0
1610612737,2008,4872.0,23.275,37.267,18.037,1093.0,1988.0,4877.0,22.584,37.26,18.659,900.0,1985.0
1610612738,2008,5465.0,25.759,40.57,21.142,1279.0,2232.0,5000.0,23.973,38.606,18.541999999999998,1066.0,2149.0
1610612739,2008,5357.0,25.17,40.607,20.648,1146.0,2230.0,4943.0,23.206999999999997,37.264,19.543,949.0,2112.0
1610612740,2008,4509.0,21.628,37.61,16.192999999999998,981.0,1895.0,4468.0,21.129,37.614,17.218,867.0,1841.0
1610612741,2008,5101.0,22.459,38.686,18.593,1045.0,2086.0,4812.0,21.588,38.315,17.429,970.0,2029.0
1610612742,2008,5193.0,23.443,39.81,18.209,1150.0,2158.0,4983.0,22.935,41.26,17.284,980.0,2101.0
1610612743,2008,5739.0,25.3,39.653,19.195,1323.0,2242.0,5270.0,24.038,39.381,19.44,1014.0,2124.0
1610612744,2008,4898.0,20.508,34.413,16.192,967.0,1822.0,4545.0,19.536,33.789,15.860999999999999,851.0,1843.0
1610612745,2008,5029.0,23.159,40.85,18.91,1060.0,2273.0,4910.0,23.059,40.796,18.633,960.0,2070.0
1610612746,2008,4174.0,19.738,32.392,15.059,967.0,1799.0,4263.0,19.417,32.791,15.949,893.0,1753.0
1610612747,2008,6358.0,28.594,45.683,21.645,1456.0,2705.0,5436.0,24.392,39.789,19.063,1058.0,2170.0
1610612748,2008,4792.0,22.183999999999997,36.007,17.916,918.0,1986.0,4537.0,21.591,36.141,16.055,998.0,1811.0
1610612749,2008,4567.0,20.278,34.665,15.869,1072.0,1862.0,4289.0,19.476,35.198,15.498999999999999,898.0,1798.0
1610612750,2008,4397.0,19.762999999999998,33.758,14.509,922.0,1866.0,4389.0,20.070999999999998,35.083,16.892,919.0,1887.0
1610612751,2008,4426.0,20.171,35.053,16.085,915.0,1840.0,4303.0,19.817,34.092,16.819,835.0,1699.0
1610612752,2008,4694.0,19.755,35.077,16.051,898.0,1886.0,4681.0,19.972,35.047,16.058,997.0,1874.0
1610612753,2008,5653.0,25.77,40.287,20.104,1064.0,2402.0,5583.0,25.489,40.678,21.719,1100.0,2321.0
1610612754,2008,4761.0,20.367,35.033,17.256999999999998,947.0,2082.0,4644.0,20.435,36.97,16.375999999999998,1002.0,1904.0
1610612755,2008,4556.0,21.473,35.391,15.276,976.0,1947.0,4659.0,22.105999999999998,35.055,15.157,918.0,1941.0
1610612756,2008,5001.0,23.046,33.009,17.878999999999998,1014.0,1942.0,4729.0,21.874,33.345,16.268,1058.0,1834.0
1610612757,2008,4917.0,22.804,36.509,17.927,1044.0,2033.0,4434.0,21.367,35.686,18.55,873.0,1888.0
1610612758,2008,4589.0,20.311,35.363,15.889,877.0,1810.0,4429.0,19.915,36.035,16.188,884.0,1719.0
1610612759,2008,4686.0,23.062,35.632,19.198999999999998,1047.0,1918.0,4357.0,20.538999999999998,36.125,16.911,926.0,1913.0
1610612760,2008,3988.0,19.016,31.939,14.847,831.0,1817.0,4618.0,20.64,37.489,14.995999999999999,946.0,1988.0
1610612761,2008,4540.0,21.029,37.926,17.642,1030.0,1814.0,4239.0,19.699,35.064,16.066,957.0,1780.0
1610612762,2008,4676.0,21.772,34.439,16.746,1146.0,1884.0,4996.0,22.634,37.423,15.699,1171.0,1961.0
1610612763,2008,4277.0,20.568,33.75,16.364,780.0,1800.0,4147.0,20.065,33.386,15.302,775.0,1713.0
1610612764,2008,4135.0,19.205,33.061,14.312999999999999,908.0,1758.0,4315.0,20.439,34.588,14.557,853.0,1826.0
1610612765,2008,4442.0,21.728,35.574,15.732999999999999,1008.0,1951.0,4294.0,20.59,34.371,16.178,907.0,1894.0
1610612766,2008,4023.0,19.439999999999998,32.032,14.972999999999999,899.0,1765.0,4363.0,20.991,34.351,17.155,978.0,1828.0
1610612737,2009,5153.0,23.55,37.713,18.191,1197.0,2143.0,4877.0,22.948,37.832,17.345,914.0,1992.0
1610612738,2009,5543.0,26.958,41.917,18.721999999999998,1356.0,2178.0,5629.0,27.383,42.734,20.505,1254.0,2257.0
1610612739,2009,5187.0,24.997,36.994,18.724,1219.0,2119.0,4944.0,23.025,35.944,18.619,995.0,2086.0
1610612740,2009,4418.0,20.298,34.168,16.538,1029.0,1834.0,4548.0,21.165,35.595,16.063,945.0,1778.0
1610612741,2009,4698.0,21.755,35.866,16.666,1044.0,2197.0,4543.0,21.119,35.991,15.407,918.0,2007.0
1610612742,2009,4891.0,22.134999999999998,39.16,17.487,1098.0,2030.0,4742.0,21.765,38.166,17.108,1084.0,1951.0
1610612743,2009,5119.0,22.165,35.06,16.415,1106.0,1929.0,5018.0,22.38,37.879,17.509,880.0,2001.0
1610612744,2009,4826.0,20.497,33.824,16.605999999999998,1052.0,1739.0,4963.0,21.922,36.59,17.028,977.0,1727.0
1610612745,2009,4625.0,20.447,33.707,15.334,991.0,1870.0,4588.0,19.855,35.647,16.34,950.0,1915.0
1610612746,2009,4368.0,21.039,32.911,14.865,1077.0,1878.0,4198.0,19.961,31.276,14.525,917.0,1830.0
1610612747,2009,6327.0,28.043,47.234,20.756999999999998,1408.0,2733.0,5173.0,23.755,38.741,17.155,969.0,2227.0
1610612748,2009,4542.0,21.531,35.124,16.156,864.0,1935.0,4446.0,21.28,35.735,16.163,881.0,1938.0
1610612749,2009,4675.0,20.733,36.3,17.642,1009.0,2010.0,4732.0,21.502,36.202,16.668,1032.0,2099.0
1610612750,2009,4406.0,20.49,32.84,14.192,912.0,1968.0,4450.0,19.807,34.42,16.224,851.0,1889.0
1610612751,2009,4061.0,18.707,33.955,13.449,853.0,1815.0,4185.0,19.558,34.862,14.968,816.0,1747.0
1610612752,2009,4645.0,20.434,35.541,15.1,946.0,1886.0,4305.0,19.266,33.183,15.094,934.0,1706.0
1610612753,2009,5474.0,25.093999999999998,38.505,19.79,1004.0,2247.0,5181.0,23.892,35.978,19.684,1013.0,2217.0
1610612754,2009,4671.0,20.348,34.791,15.937,971.0,1964.0,4341.0,19.089,33.884,14.834999999999999,923.0,1750.0
1610612755,2009,4248.0,20.333,32.683,14.268999999999998,961.0,1770.0,4549.0,20.977,34.856,16.656,922.0,1968.0
1610612756,2009,6046.0,26.373,42.465,21.657,1205.0,2350.0,5468.0,24.758,37.906,20.618,1193.0,2110.0
1610612757,2009,4704.0,21.928,36.728,16.548,1017.0,1968.0,4679.0,22.027,38.585,16.729,928.0,1890.0
1610612758,2009,4516.0,20.271,31.818,15.437999999999999,871.0,1908.0,4365.0,20.277,32.525,15.806,942.0,1889.0
1610612759,2009,5084.0,23.761,35.813,18.796,1159.0,2087.0,4795.0,22.52,36.432,16.646,980.0,2100.0
1610612760,2009,4870.0,22.558,37.888,16.282,941.0,2052.0,4667.0,20.866,38.106,15.369,925.0,2037.0
1610612761,2009,4659.0,21.493,33.981,14.924999999999999,984.0,1878.0,4638.0,21.782,34.391,17.52,980.0,1750.0
1610612762,2009,5154.0,24.443,35.116,18.173,1262.0,1982.0,5176.0,24.163,38.445,17.096,1318.0,2140.0
1610612763,2009,4566.0,20.865,33.337,13.793,826.0,1977.0,4618.0,21.221,32.658,15.722,878.0,1937.0
1610612764,2009,4237.0,19.715,32.645,15.052,880.0,1812.0,4429.0,20.843,35.153999999999996,16.355,843.0,1937.0
1610612765,2009,4343.0,20.533,34.386,13.498,918.0,1884.0,4155.0,19.954,31.244,14.66,812.0,1719.0
1610612766,2009,4700.0,22.047,36.458,17.051,1004.0,1958.0,4212.0,20.405,34.117,14.649,876.0,1834.0
1610612737,2010,4693.0,22.972,37.804,17.063,1144.0,1928.0,4741.0,23.169999999999998,38.980000000000004,18.567,1007.0,2004.0
1610612738,2010,4838.0,24.519,36.909,18.022,1175.0,1876.0,4724.0,23.543,39.153,19.126,1102.0,2003.0
1610612739,2010,4394.0,20.03,34.31,15.883999999999999,1006.0,1948.0,4087.0,18.722,32.407,14.286,857.0,1691.0
1610612740,2010,4442.0,21.697,35.496,16.362,1015.0,1878.0,4586.0,21.863,38.065,17.667,945.0,1924.0
1610612741,2010,5377.0,24.747,41.042,20.637999999999998,1228.0,2413.0,4956.0,23.573,38.063,17.046,1102.0,2224.0
1610612742,2010,5627.0,26.604,44.013,20.255,1305.0,2356.0,5390.0,25.418,42.043,19.956,1249.0,2211.0
1610612743,2010,5128.0,22.258,34.813,17.64,1092.0,2007.0,5047.0,22.583,37.965,18.332,982.0,1955.0
1610612744,2010,4665.0,20.832,33.936,17.046,1086.0,1788.0,4624.0,20.631999999999998,34.343,16.626,926.0,1914.0
1610612745,2010,4822.0,20.791999999999998,36.639,15.766,1066.0,2032.0,4645.0,20.188,35.317,17.21,1048.0,1807.0
1610612746,2010,4497.0,20.794999999999998,31.917,14.792,1078.0,1932.0,4368.0,20.311,31.707,15.577,910.0,1844.0
1610612747,2010,5310.0,24.053,40.325,18.018,1186.0,2263.0,4628.0,21.519,35.955,16.275,974.0,2033.0
1610612748,2010,5595.0,25.923,42.56,19.34,1023.0,2303.0,5264.0,25.422,41.464,19.813,1071.0,2268.0
1610612749,2010,4081.0,19.134,34.021,14.78,835.0,1863.0,4218.0,19.559,34.667,15.786,864.0,1804.0
1610612750,2010,4854.0,20.802,36.27,19.121,990.0,2128.0,4315.0,18.872,32.901,15.192,829.0,1895.0
1610612751,2010,4192.0,19.492,32.987,16.756999999999998,924.0,1848.0,4184.0,19.787,34.727,14.033,920.0,1800.0
1610612752,2010,4927.0,21.444,36.573,16.294999999999998,973.0,1835.0,4858.0,20.655,37.945,17.435,996.0,1900.0
1610612753,2010,4776.0,22.471,33.443,17.032999999999998,977.0,2137.0,4610.0,21.334,33.452,16.992,904.0,1976.0
1610612754,2010,4687.0,20.567999999999998,36.004,15.713,892.0,2092.0,4611.0,20.705,36.683,17.021,938.0,1977.0
1610612755,2010,4618.0,21.443,36.232,17.463,1080.0,1901.0,4616.0,21.342,36.408,15.445,1031.0,2031.0
1610612756,2010,4798.0,21.323999999999998,34.31,16.907999999999998,1057.0,1908.0,4579.0,20.751,33.918,15.286,1041.0,1718.0
1610612757,2010,4738.0,21.885,39.103,16.482999999999997,1002.0,1890.0,4383.0,20.844,36.431,16.541999999999998,983.0,1826.0
1610612758,2010,4360.0,19.642,32.233,14.226999999999999,861.0,1942.0,4452.0,20.136,32.47,15.491,938.0,1967.0
1610612759,2010,4948.0,22.721999999999998,35.947,19.509,1111.0,1976.0,4690.0,21.46,35.496,16.730999999999998,967.0,1971.0
1610612760,2010,5508.0,24.387,42.364,18.624,1094.0,2230.0,5446.0,23.977,43.689,17.741,998.0,2290.0
1610612761,2010,4673.0,22.09,34.443,13.683,1066.0,1861.0,4320.0,19.898,32.914,14.639999999999999,911.0,1786.0
1610612762,2010,4431.0,20.712,34.337,14.512999999999998,1011.0,1760.0,4510.0,21.259999999999998,35.101,15.924,1082.0,1800.0
1610612763,2010,5105.0,24.218,37.819,15.706999999999999,1017.0,2064.0,5080.0,23.645,38.294,17.896,1047.0,2159.0
1610612764,2010,4225.0,19.305,31.658,14.539,884.0,1842.0,4419.0,20.122999999999998,33.787,14.745999999999999,857.0,1838.0
1610612765,2010,4640.0,21.988,35.269,17.717,1050.0,1780.0,4088.0,19.361,31.782,15.578,851.0,1689.0
1610612766,2010,4327.0,20.755,33.605000000000004,16.149,1022.0,1813.0,4042.0,19.878,34.254,13.168999999999999,868.0,1799.0
1610612737,2011,3612.0,16.688,28.757,13.604999999999999,836.0,1579.0,3425.0,16.534,27.109,13.088,784.0,1486.0
1610612738,2011,4028.0,20.123,34.733,14.491,1003.0,1774.0,3981.0,19.927,34.428,15.545,984.0,1656.0
1610612739,2011,3148.0,14.395999999999999,24.036,12.043,721.0,1431.0,3172.0,14.295,24.65,11.165,625.0,1451.0
1610612740,2011,3041.0,15.343,26.053,10.933,732.0,1422.0,3067.0,15.43,25.654,11.961,674.0,1368.0
1610612741,2011,3531.0,16.579,25.823,13.12,883.0,1752.0,3522.0,16.823999999999998,27.106,14.386,826.0,1702.0
1610612742,2011,3481.0,15.780999999999999,27.576,12.25,739.0,1595.0,3389.0,15.91,28.245,12.431,746.0,1461.0
1610612743,2011,3829.0,17.723,26.833,12.237,932.0,1633.0,3957.0,17.703,28.080000000000002,12.414,849.0,1653.0
1610612744,2011,3371.0,15.822999999999999,26.285,12.551,797.0,1359.0,3280.0,15.32,25.967,12.981,721.0,1322.0
1610612745,2011,3401.0,15.427999999999999,26.705,12.185,718.0,1505.0,3269.0,15.203000000000001,26.285999999999998,12.068999999999999,731.0,1369.0
1610612746,2011,3840.0,18.241,25.202,13.779,892.0,1554.0,3820.0,17.857,28.14,14.535,737.0,1655.0
1610612747,2011,3955.0,18.487,30.364,13.589,948.0,1873.0,3793.0,17.775,30.330000000000002,12.169,812.0,1800.0
1610612748,2011,4741.0,22.354,36.741,16.096,918.0,1985.0,4216.0,20.243,32.941,15.553999999999998,841.0,1768.0
1610612749,2011,3399.0,15.354,26.608,12.054,839.0,1427.0,3316.0,14.738,25.849,10.943,755.0,1455.0
1610612750,2011,3280.0,14.513,26.002,11.24,650.0,1508.0,3386.0,15.006,26.606,11.498999999999999,681.0,1476.0
1610612751,2011,3192.0,14.651,26.990000000000002,10.709,672.0,1381.0,3117.0,14.337,25.708000000000002,11.706999999999999,674.0,1381.0
1610612752,2011,3540.0,16.004,26.508,11.384,697.0,1559.0,3512.0,16.07,27.531,12.235,730.0,1491.0
1610612753,2011,3465.0,16.189,24.129,13.546,737.0,1545.0,3358.0,15.732,24.099,13.472,715.0,1518.0
1610612754,2011,3930.0,17.673,31.344,14.126999999999999,719.0,1793.0,3690.0,16.689999999999998,30.104,14.301,715.0,1677.0
1610612755,2011,3678.0,17.5,29.063,14.001,883.0,1779.0,3820.0,18.398,30.817,14.052999999999999,850.0,1709.0
1610612756,2011,3404.0,15.888,25.88,12.238,765.0,1425.0,3283.0,15.238,25.601,10.950999999999999,763.0,1411.0
1610612757,2011,3462.0,15.615,27.508,12.443999999999999,739.0,1398.0,3152.0,14.571,26.655,10.762,656.0,1359.0
1610612758,2011,3443.0,15.267,24.916999999999998,11.44,671.0,1466.0,3266.0,14.447999999999999,25.414,10.15,642.0,1437.0
1610612759,2011,4342.0,20.252,30.767,17.196,988.0,1785.0,4111.0,18.991,29.665,15.399,900.0,1694.0
1610612760,2011,4607.0,21.501,35.522,16.739,878.0,1870.0,4413.0,19.955,35.637,14.875,741.0,1904.0
1610612761,2011,3131.0,15.177,26.446,11.384,752.0,1445.0,3003.0,14.642,25.403,10.959,660.0,1413.0
1610612762,2011,3626.0,16.561999999999998,26.801,11.79,762.0,1673.0,3478.0,16.037,27.41,10.372,779.0,1530.0
1610612763,2011,3715.0,17.36,29.197,12.058,716.0,1637.0,3364.0,16.092,27.563,11.519,729.0,1516.0
1610612764,2011,3221.0,15.251999999999999,24.233,10.07,667.0,1432.0,3131.0,14.587,25.882,10.763,621.0,1405.0
1610612765,2011,3154.0,15.272,25.565,11.372,652.0,1405.0,3020.0,14.482999999999999,26.114,11.478,608.0,1343.0
1610612766,2011,2954.0,13.812,25.268,9.673,698.0,1328.0,2939.0,14.344,25.162,9.924,658.0,1319.0
1610612737,2012,4639.0,21.814,32.637,17.297,1150.0,1960.0,4615.0,21.799,34.684,17.862,1118.0,1910.0
1610612738,2012,4572.0,22.272,35.819,16.546,1073.0,1839.0,4309.0,20.769,36.887,16.776,990.0,1829.0
1610612739,2012,4354.0,19.521,33.893,15.558,997.0,1887.0,4115.0,18.599,32.355,14.873999999999999,813.0,1721.0
1610612740,2012,4086.0,19.69,32.671,15.85,988.0,1876.0,4303.0,20.322,36.745,16.271,887.0,1909.0
1610612741,2012,4839.0,22.259,39.701,18.282999999999998,1179.0,2332.0,4538.0,21.756,37.742,16.2,1078.0,2036.0
1610612742,2012,4627.0,21.044999999999998,35.002,16.684,1069.0,1904.0,4239.0,19.406,34.461,15.027,975.0,1797.0
1610612743,2012,4965.0,22.142,32.604,16.473,1167.0,2074.0,5011.0,22.811,33.732,15.669999999999998,1108.0,2176.0
1610612744,2012,4951.0,22.816,37.854,19.36,1159.0,2237.0,5245.0,23.716,40.33,20.969,1099.0,2292.0
1610612745,2012,5159.0,22.423000000000002,36.079,17.837,1136.0,2123.0,4856.0,21.175,34.818,16.910999999999998,1059.0,2006.0
1610612746,2012,5032.0,23.905,35.572,17.13,1243.0,2060.0,4586.0,21.83,33.024,15.811,998.0,1927.0
1610612747,2012,4973.0,23.024,33.523,17.394,1183.0,2263.0,4436.0,19.79,31.902,15.393999999999998,877.0,1880.0
1610612748,2012,6120.0,29.227999999999998,45.471,23.653,1321.0,2291.0,5302.0,25.88,40.157000000000004,20.541,1212.0,2064.0
1610612749,2012,4692.0,20.524,34.954,16.983999999999998,1109.0,2077.0,4515.0,20.273999999999997,34.057,16.049,1042.0,2009.0
1610612750,2012,4199.0,19.253,32.132,12.94,944.0,1873.0,4185.0,19.509999999999998,33.1,13.435,1007.0,1835.0
1610612751,2012,4766.0,22.054,35.507,17.334,952.0,2111.0,4453.0,20.547,34.161,15.995999999999999,955.0,1951.0
1610612752,2012,4753.0,21.388,35.74,18.036,898.0,1899.0,5085.0,22.913,39.954,18.514,997.0,2125.0
1610612753,2012,4303.0,20.459,33.704,15.956,1022.0,1930.0,4195.0,20.031,34.488,13.224,1041.0,1917.0
1610612754,2012,5176.0,23.383,39.592,19.97,1060.0,2516.0,4879.0,23.243,40.637,16.74,1047.0,2362.0
1610612755,2012,4304.0,20.556,31.866,16.655,1119.0,1883.0,4055.0,19.184,32.891,15.677,924.0,1827.0
1610612756,2012,4173.0,19.3,32.142,14.812999999999999,969.0,1866.0,4312.0,20.247,33.69,14.857999999999999,1057.0,1858.0
1610612757,2012,4380.0,20.061,34.45,15.174999999999999,970.0,1811.0,4306.0,19.857,34.798,15.972,953.0,1826.0
1610612758,2012,4596.0,20.403,34.13,16.358999999999998,922.0,1832.0,4314.0,19.305,34.394,15.216,913.0,1792.0
1610612759,2012,5621.0,26.583,42.052,21.054,1396.0,2275.0,5543.0,25.57,42.964,19.532,1273.0,2253.0
1610612760,2012,5466.0,24.927,42.355,20.698999999999998,1152.0,2219.0,4984.0,22.522,40.438,16.738,969.0,2137.0
1610612761,2012,4365.0,20.061999999999998,34.758,15.28,979.0,1839.0,4222.0,19.228,34.207,14.536999999999999,919.0,1702.0
1610612762,2012,4404.0,20.632,32.977,16.801,1021.0,1885.0,4428.0,20.245,34.94,15.939,1011.0,1924.0
1610612763,2012,4839.0,22.414,39.264,18.160999999999998,1036.0,2249.0,4938.0,23.519,40.237,17.249,1120.0,2207.0
1610612764,2012,4114.0,18.981,31.466,16.422,944.0,1833.0,4295.0,20.076,35.379,16.406,1002.0,2063.0
1610612765,2012,4330.0,20.836,31.438000000000002,15.758,983.0,1921.0,4170.0,19.486,31.606,15.245999999999999,914.0,1878.0
1610612766,2012,4324.0,19.441,34.413000000000004,15.642,959.0,1849.0,4048.0,18.557,33.148,14.218,772.0,1787.0
1610612737,2013,4684.0,20.983,37.071,16.424,1180.0,1912.0,4855.0,22.284,38.235,17.508,1133.0,1913.0
1610612738,2013,4361.0,20.061,35.502,14.916999999999998,993.0,1921.0,4285.0,19.177,35.26,14.224,901.0,1884.0
1610612739,2013,4587.0,20.182,35.063,16.532,1096.0,2211.0,4203.0,18.889,32.558,15.142,815.0,1774.0
1610612740,2013,4441.0,20.502,34.364,16.692,954.0,1900.0,4544.0,21.000999999999998,35.281,17.45,946.0,1825.0
1610612741,2013,4638.0,21.160999999999998,38.084,16.686999999999998,1143.0,2226.0,4265.0,19.964,35.782,16.243,986.0,1989.0
1610612742,2013,5077.0,22.825,37.606,18.178,1109.0,1989.0,4960.0,22.689,38.501,18.546,1149.0,1981.0
1610612743,2013,4522.0,19.05,31.149,15.254,1002.0,2015.0,4680.0,20.48,33.035000000000004,15.651,978.0,2036.0
1610612744,2013,4892.0,21.79,36.135,17.512999999999998,1148.0,2174.0,5048.0,22.224,35.801,18.491,1094.0,2153.0
1610612745,2013,5242.0,22.826999999999998,34.741,17.166,1034.0,2236.0,5006.0,21.961,33.576,16.495,998.0,2106.0
1610612746,2013,5740.0,24.884,38.541,17.68,1324.0,2246.0,5314.0,23.626,36.787,18.393,1190.0,2111.0
1610612747,2013,4944.0,21.746,36.784,17.591,1218.0,1972.0,4269.0,18.522,31.673000000000002,15.935,962.0,1721.0
1610612748,2013,5662.0,28.065,41.875,20.855,1155.0,2005.0,5413.0,26.551000000000002,41.672,19.968,1227.0,1975.0
1610612749,2013,4051.0,18.804,31.603,15.504999999999999,926.0,1801.0,4318.0,19.845,33.62,16.176,951.0,1808.0
1610612750,2013,4728.0,19.674,34.546,14.946,1041.0,1991.0,4663.0,19.402,34.116,15.203999999999999,1038.0,1949.0
1610612751,2013,4857.0,23.116,36.699,17.919,1043.0,1885.0,5067.0,23.322,38.687,18.108,1044.0,2001.0
1610612752,2013,4181.0,19.056,32.122,15.667,810.0,1710.0,4574.0,20.794,35.358,16.874,956.0,1886.0
1610612753,2013,4565.0,21.152,35.644,16.0,989.0,1977.0,4116.0,18.991,32.86,15.582,890.0,1830.0
1610612754,2013,5224.0,24.495,41.611,18.746,1098.0,2413.0,5209.0,24.343,41.846000000000004,20.415,1060.0,2328.0
1610612755,2013,4508.0,19.793,31.288,14.431999999999999,1045.0,1943.0,4219.0,18.392,30.873,13.013,875.0,1835.0
1610612756,2013,4618.0,20.422,32.133,16.498,805.0,1854.0,4593.0,20.418,33.107,16.332,881.0,1950.0
1610612757,2013,5342.0,22.903,40.915,17.947,1152.0,2336.0,5225.0,21.785,40.111,18.372,1080.0,2320.0
1610612758,2013,4485.0,20.015,33.847,14.709999999999999,837.0,1972.0,4453.0,19.876,33.425,14.908,865.0,1991.0
1610612759,2013,6079.0,28.434,43.913,24.36,1491.0,2451.0,5616.0,25.647,42.432,20.051,1236.0,2326.0
1610612760,2013,5874.0,26.227999999999998,43.875,20.43,1240.0,2505.0,5351.0,23.703,42.022,17.282999999999998,1051.0,2290.0
1610612761,2013,5165.0,22.396,40.001,18.096,1064.0,2172.0,4533.0,20.602999999999998,35.486,16.602,926.0,1926.0
1610612762,2013,4234.0,19.951,33.414,15.402,847.0,1854.0,4291.0,19.742,33.309,15.91,985.0,1895.0
1610612763,2013,4582.0,21.708,34.494,16.016,995.0,1990.0,4590.0,22.185,35.703,16.919999999999998,1089.0,2077.0
1610612764,2013,4920.0,22.706,37.446,17.419,1126.0,2070.0,4990.0,22.733,34.883,19.192999999999998,1145.0,2184.0
1610612765,2013,4451.0,19.982,29.38,12.965,970.0,1994.0,4490.0,19.762,30.446,15.149,883.0,2033.0
1610612766,2013,4522.0,20.74,34.887,15.703999999999999,1043.0,2004.0,4506.0,20.714,33.996,16.701999999999998,964.0,2011.0
1610612737,2014,5314.0,24.221,40.74,19.169,1371.0,2161.0,5371.0,24.117,40.583,19.582,1299.0,2164.0
1610612738,2014,4819.0,21.092,36.713,15.716999999999999,1156.0,2119.0,4660.0,20.441,34.538000000000004,14.926,1117.0,1979.0
1610612739,2014,5677.0,25.413,41.076,20.662,1271.0,2436.0,5387.0,23.386,39.561,18.222,1037.0,2291.0
1610612740,2014,4799.0,22.035999999999998,35.703,17.259,1091.0,2096.0,4438.0,20.469,34.218,17.052,950.0,1954.0
1610612741,2014,5205.0,22.421,41.037,17.628,1151.0,2418.0,4999.0,22.326999999999998,38.703,18.533,1058.0,2242.0
1610612742,2014,5050.0,22.179,34.874,16.121,1039.0,2009.0,4962.0,21.688,36.52,16.698,1100.0,2040.0
1610612743,2014,4460.0,18.883,31.77,14.684,958.0,1964.0,4640.0,20.282,33.804,14.83,989.0,2060.0
1610612744,2014,6104.0,27.017,41.403,22.243,1562.0,2437.0,5968.0,25.942999999999998,41.987,21.456,1426.0,2511.0
1610612745,2014,5633.0,23.892,38.102,18.85,1194.0,2404.0,5506.0,23.451999999999998,37.244,18.336,1135.0,2311.0
1610612746,2014,5622.0,24.863,37.028,19.368,1343.0,2310.0,5433.0,23.929,36.158,18.397,1184.0,2099.0
1610612747,2014,4797.0,21.541999999999998,35.101,14.864999999999998,1060.0,2140.0,4032.0,17.706,31.41,15.033999999999999,830.0,1781.0
1610612748,2014,4584.0,21.808,35.396,16.703,899.0,1862.0,4009.0,19.392,31.516000000000002,13.811,886.0,1659.0
1610612749,2014,4537.0,21.389,35.519,17.535,1130.0,2025.0,4684.0,21.762,35.701,16.695999999999998,1079.0,1998.0
1610612750,2014,4300.0,19.345,34.051,14.455,949.0,1821.0,4462.0,19.823999999999998,34.785000000000004,14.985,989.0,1844.0
1610612751,2014,4676.0,21.027,34.412,15.527999999999999,1012.0,2036.0,4441.0,20.878999999999998,34.941,15.047999999999998,944.0,1931.0
1610612752,2014,4036.0,18.91,33.778,14.603,884.0,1779.0,4131.0,19.316,34.429,16.458,1006.0,1809.0
1610612753,2014,4260.0,20.012999999999998,33.152,15.147,931.0,1880.0,4252.0,20.313,32.254,15.434999999999999,910.0,1873.0
1610612754,2014,4330.0,19.651,32.627,15.616,937.0,2008.0,4313.0,19.532,34.816,15.627,960.0,1957.0
1610612755,2014,4274.0,18.895,31.904,14.058,1023.0,1960.0,4016.0,18.094,29.205000000000002,14.072,826.0,1899.0
1610612756,2014,4427.0,19.745,32.329,15.113,860.0,1846.0,4604.0,20.012999999999998,34.303,14.572,916.0,1952.0
1610612757,2014,4700.0,20.410999999999998,36.504,16.816,1028.0,2113.0,4773.0,21.250999999999998,38.285,16.578,984.0,2140.0
1610612758,2014,4364.0,19.858,32.525,14.149,870.0,1903.0,4557.0,20.376,34.075,15.892999999999999,912.0,1970.0
1610612759,2014,5026.0,22.904,35.96,18.064,1209.0,2072.0,4657.0,21.026,36.877,15.775,1080.0,2034.0
1610612760,2014,4774.0,20.407,33.891,15.082999999999998,952.0,2162.0,4447.0,19.323999999999998,31.872,14.526,863.0,2031.0
1610612761,2014,4701.0,21.102999999999998,35.892,16.333,988.0,1919.0,4897.0,21.125,36.789,15.987,919.0,1919.0
1610612762,2014,4242.0,19.816,31.143,15.165,829.0,1985.0,4374.0,20.63,33.575,16.063,975.0,1994.0
1610612763,2014,4939.0,22.622,39.702,16.942,1041.0,2214.0,4838.0,22.798,38.477000000000004,16.433,1095.0,2028.0
1610612764,2014,4982.0,22.998,36.521,18.576999999999998,1212.0,2218.0,4735.0,22.599999999999998,36.307,17.055999999999997,1120.0,2202.0
1610612765,2014,4464.0,19.379,31.192,15.712,1026.0,1933.0,4311.0,19.195,31.112,14.536,921.0,2062.0
1610612766,2014,4257.0,18.744,33.218,13.761999999999999,943.0,1990.0,4223.0,19.008,34.483,14.345999999999998,890.0,1975.0
1610612737,2015,5028.0,22.662,38.359,17.469,1305.0,2076.0,5058.0,22.178,38.963,17.038,1162.0,2142.0
1610612738,2015,4946.0,20.435,36.303,15.368999999999998,1151.0,2184.0,4781.0,20.119,36.394,15.584,1078.0,2032.0
1610612739,2015,5949.0,26.267,42.013,20.868,1359.0,2469.0,5467.0,24.401,40.032,19.442,1104.0,2368.0
1610612740,2015,4627.0,19.974,34.518,17.09,1020.0,1875.0,4520.0,19.613,34.745,14.690999999999999,913.0,1935.0
1610612741,2015,4692.0,20.163999999999998,35.749,16.854,1081.0,2253.0,4454.0,19.511,34.291000000000004,16.22,956.0,1958.0
1610612742,2015,4744.0,20.666,37.065,15.487,1013.0,1980.0,4739.0,20.718,36.964,15.676,1040.0,2041.0
1610612743,2015,4468.0,19.102999999999998,33.409,14.265999999999998,971.0,1924.0,4587.0,20.208,34.655,15.709,1032.0,2071.0
1610612744,2015,6610.0,28.29,45.113,23.238999999999997,1652.0,2681.0,6119.0,25.869999999999997,40.081,22.528,1472.0,2441.0
1610612745,2015,4996.0,21.183,32.404,16.393,1063.0,2082.0,5056.0,21.211,33.632,15.904,1027.0,2086.0
1610612746,2015,5031.0,22.459,33.741,17.552,1131.0,2106.0,4714.0,21.061,32.076,16.192,994.0,1861.0
1610612747,2015,4637.0,19.956,37.307,14.295,900.0,2089.0,4013.0,17.041999999999998,31.652,14.001,702.0,1720.0
1610612748,2015,5333.0,24.918,39.346,17.706,1051.0,2289.0,4996.0,23.5,38.554,17.192,1049.0,2325.0
1610612749,2015,4430.0,20.607,32.683,15.5,1051.0,1837.0,4300.0,20.458,32.877,14.68,969.0,1856.0
1610612750,2015,4567.0,20.814,35.451,15.402999999999999,1032.0,1836.0,4497.0,20.28,35.132,14.724,1033.0,1818.0
1610612751,2015,4253.0,19.826,31.844,15.258,972.0,1807.0,4326.0,19.479,33.913,15.043,960.0,1875.0
1610612752,2015,4247.0,18.842,35.697,14.527,881.0,1936.0,4306.0,19.378,34.546,15.372,914.0,1936.0
1610612753,2015,4676.0,20.563,33.56,16.142,1109.0,2019.0,4399.0,19.873,33.77,15.097999999999999,991.0,1860.0
1610612754,2015,4906.0,21.768,36.516,16.365,1002.0,2150.0,4844.0,21.287,37.185,16.965,997.0,2092.0
1610612755,2015,4351.0,19.145,29.799,14.997,988.0,1833.0,4306.0,19.102999999999998,32.154,14.632,907.0,1876.0
1610612756,2015,4559.0,19.343,32.566,15.488,915.0,2034.0,4328.0,18.945,32.99,14.921999999999999,928.0,1916.0
1610612757,2015,5314.0,22.462,36.972,18.737,1124.0,2316.0,5191.0,22.139,37.941,18.117,1008.0,2276.0
1610612758,2015,4599.0,20.045,31.208000000000002,15.556,1025.0,1895.0,4751.0,20.698,32.125,15.712,1110.0,2010.0
1610612759,2015,5114.0,23.858999999999998,39.437,19.291,1232.0,2172.0,4959.0,23.19,39.475,18.034,1112.0,2079.0
1610612760,2015,5684.0,24.634,40.529,17.445,1181.0,2525.0,5793.0,25.107,41.461,19.213,1190.0,2538.0
1610612761,2015,5764.0,25.308,43.176,19.986,1017.0,2440.0,5189.0,23.177,40.791,18.224999999999998,952.0,2234.0
1610612762,2015,4322.0,20.014,32.275999999999996,15.584999999999999,752.0,1927.0,4372.0,19.907999999999998,33.712,15.745999999999999,923.0,1928.0
1610612763,2015,4634.0,20.299,36.405,16.214,945.0,1951.0,4341.0,19.979,34.954,13.759,926.0,1907.0
1610612764,2015,4580.0,20.054,32.117,15.772,1087.0,1816.0,4606.0,20.503,32.794,15.543,1077.0,1887.0
1610612765,2015,4900.0,21.261,33.371,16.563,993.0,2194.0,4665.0,20.406,31.061,15.998,870.0,2099.0
1610612766,2015,4896.0,20.799,37.313,16.637,1035.0,2112.0,5006.0,21.355,39.887,17.919,992.0,2134.0
1610612737,2016,4958.0,21.512999999999998,34.096000000000004,15.867999999999999,1161.0,2086.0,4820.0,21.304,35.246,16.06,1095.0,2149.0
1610612738,2016,5899.0,24.748,43.809,20.044999999999998,1441.0,2291.0,5587.0,23.982,41.712,18.438,1273.0,2135.0
1610612739,2016,5969.0,25.747,38.783,20.845,1301.0,2327.0,5782.0,24.45,40.732,20.188,1102.0,2249.0
1610612740,2016,4729.0,20.119,33.61,15.28,1051.0,1985.0,4460.0,19.564,32.263,15.383,968.0,1868.0
1610612741,2016,5033.0,21.46,39.648,16.320999999999998,1144.0,2324.0,4711.0,20.769,36.477,15.091,997.0,2094.0
1610612742,2016,4374.0,19.404999999999998,35.913,15.62,920.0,1805.0,4313.0,19.538,34.635,15.809,923.0,1671.0
1610612743,2016,4898.0,20.787,33.29,16.287,1197.0,1992.0,5097.0,21.303,36.021,16.115,1059.0,2222.0
1610612744,2016,6279.0,26.881,41.63,21.954,1667.0,2435.0,6041.0,25.462999999999997,42.018,19.133,1491.0,2310.0
1610612745,2016,5813.0,23.005,37.82,17.633,1269.0,2267.0,5529.0,22.491,38.057,17.119,1156.0,2147.0
1610612746,2016,5179.0,23.061999999999998,36.144,17.47,1110.0,2047.0,4968.0,21.839,34.934,17.444,996.0,1971.0
1610612747,2016,5257.0,22.597,36.138,17.555,1080.0,2139.0,4165.0,17.901,31.06,13.360999999999999,813.0,1767.0
1610612748,2016,4899.0,21.725,32.08,17.371,967.0,2013.0,4397.0,19.439999999999998,31.468,15.185,952.0,1922.0
1610612749,2016,4902.0,22.37,36.306,17.587,1134.0,1883.0,4693.0,21.708,35.413,17.259999999999998,1092.0,1919.0
1610612750,2016,4685.0,20.778,34.926,15.974,1065.0,1897.0,4677.0,20.541,36.042,14.796,1003.0,1911.0
1610612751,2016,4589.0,19.238,34.57,14.741999999999999,936.0,1969.0,4690.0,19.786,34.457,15.048,950.0,1866.0
1610612752,2016,4613.0,20.349,34.212,15.982,956.0,1965.0,4596.0,19.201,34.662,14.777999999999999,986.0,1998.0
1610612753,2016,4524.0,19.6,33.312,15.001,971.0,2009.0,4455.0,19.509,33.136,14.54,991.0,1842.0
1610612754,2016,4815.0,21.225,36.005,16.941,982.0,1940.0,4881.0,21.594,37.498,17.361,1097.0,1947.0
1610612755,2016,4485.0,19.426,34.01,14.969999999999999,1081.0,1906.0,4590.0,19.706,34.361000000000004,14.754,1000.0,1925.0
1610612756,2016,4799.0,19.957,34.645,14.879,874.0,2055.0,4653.0,19.605999999999998,33.31,14.255999999999998,838.0,1916.0
1610612757,2016,4935.0,20.942,34.032,17.348,971.0,1998.0,4935.0,21.027,37.499,16.980999999999998,946.0,2056.0
1610612758,2016,4520.0,20.294999999999998,34.144,16.608999999999998,975.0,1746.0,4419.0,19.99,32.967,16.631,988.0,1828.0
1610612759,2016,5523.0,24.54,41.188,20.57,1297.0,2272.0,5410.0,24.069,41.363,19.732,1133.0,2303.0
1610612760,2016,5018.0,21.693,33.9,16.069,997.0,2140.0,4656.0,19.375,33.769,13.958,910.0,2098.0
1610612761,2016,5253.0,22.693,38.597,18.225,930.0,2108.0,5081.0,22.564,39.506,16.887999999999998,884.0,2087.0
1610612762,2016,4934.0,22.837,36.128,18.643,962.0,2085.0,4898.0,22.764,36.832,17.381999999999998,996.0,2108.0
1610612763,2016,4686.0,20.336,36.678,16.499,983.0,2046.0,4775.0,20.706,36.494,16.561999999999998,995.0,1929.0
1610612764,2016,5496.0,24.015,39.753,19.716,1239.0,2157.0,5604.0,24.193,40.152,17.342,1178.0,2225.0
1610612765,2016,4497.0,19.951,31.511,15.145,1001.0,2060.0,4377.0,19.534,32.096,13.463,858.0,1953.0
1610612766,2016,4656.0,19.717,35.315,15.307,1058.0,1941.0,4587.0,19.293,37.114,14.767999999999999,966.0,1963.0
1610612737,2017,4489.0,19.499,34.23,15.703999999999999,1089.0,1791.0,4466.0,19.259,34.11,15.710999999999999,970.0,1854.0
1610612738,2017,5691.0,24.445999999999998,41.354,20.031,1282.0,2427.0,5189.0,22.586,39.296,19.399,1056.0,2201.0
1610612739,2017,5998.0,26.16,41.729,20.099999999999998,1278.0,2331.0,5814.0,25.111,41.957,19.613,1181.0,2252.0
1610612740,2017,5217.0,22.861,36.39,15.956999999999999,1293.0,2008.0,5343.0,22.899,37.163000000000004,18.056,1227.0,2201.0
1610612741,2017,4549.0,19.339,33.64,16.233999999999998,1084.0,1946.0,4496.0,19.046,32.488,15.121,1000.0,1977.0
1610612742,2017,4580.0,19.656,33.344,15.947,1018.0,1898.0,4426.0,19.52,33.342999999999996,15.911,976.0,1762.0
1610612743,2017,4662.0,19.928,31.495,15.37,1128.0,1918.0,4887.0,20.814999999999998,35.243,16.817999999999998,1056.0,1946.0
1610612744,2017,6216.0,27.746,44.792,21.544,1632.0,2446.0,5863.0,25.578,42.022,19.253,1427.0,2244.0
1610612745,2017,5868.0,23.816,39.781,18.438,1135.0,2298.0,5548.0,23.076,40.43,18.672,1041.0,2164.0
1610612746,2017,4910.0,21.416,33.129,15.787999999999998,1043.0,1984.0,4552.0,19.656,31.133,14.785,907.0,1816.0
1610612747,2017,4864.0,21.022,33.089999999999996,14.568999999999999,1124.0,2195.0,4593.0,19.524,30.099,14.905,975.0,1875.0
1610612748,2017,4822.0,21.247999999999998,34.459,16.639,1031.0,1994.0,4770.0,20.971,34.824,16.364,1076.0,2043.0
1610612749,2017,4888.0,22.285999999999998,35.965,16.41,1087.0,1815.0,4954.0,22.322,36.423,16.881999999999998,1078.0,1882.0
1610612750,2017,4900.0,21.216,34.398,16.131,1062.0,1882.0,4917.0,21.564999999999998,37.514,16.293,987.0,1912.0
1610612751,2017,4678.0,19.313,34.227000000000004,15.708,1006.0,1957.0,4516.0,18.775,32.64,15.094999999999999,1022.0,1884.0
1610612752,2017,4684.0,20.631999999999998,33.888,16.354,995.0,1984.0,4370.0,19.599,34.542,14.357,1013.0,1835.0
1610612753,2017,4564.0,20.024,32.663,15.110999999999999,1006.0,1917.0,4509.0,19.754,33.91,15.223999999999998,1062.0,1771.0
1610612754,2017,4697.0,21.066,33.152,16.32,993.0,1907.0,4970.0,22.539,38.092,17.355,1046.0,1968.0
1610612755,2017,5424.0,22.938,37.18,17.485,1357.0,2398.0,5207.0,22.427,36.054,17.869,1244.0,2221.0
1610612756,2017,4436.0,18.895,31.324,13.908,853.0,1902.0,4507.0,19.173,32.245,15.115,963.0,1893.0
1610612757,2017,4794.0,20.526,36.737,16.75,904.0,2045.0,4851.0,20.680999999999997,36.426,16.81,869.0,2103.0
1610612758,2017,4317.0,19.851,33.154,16.235,930.0,1787.0,4331.0,19.663999999999998,32.139,16.957,955.0,1799.0
1610612759,2017,4858.0,21.894,37.098,16.87,1088.0,2032.0,4585.0,20.249,34.902,15.469,1007.0,2000.0
1610612760,2017,4985.0,21.261,33.7,16.122,946.0,2081.0,4761.0,19.811,31.193,16.09,964.0,2024.0
1610612761,2017,5410.0,22.794,37.592,17.55,1187.0,2133.0,5366.0,23.012,38.872,17.032,1142.0,2087.0
1610612762,2017,4898.0,21.745,35.894,16.505,1008.0,2071.0,5105.0,22.592,38.288,18.473,1123.0,2105.0
1610612763,2017,4432.0,19.453,33.848,15.106,981.0,1855.0,4234.0,19.203,33.836,15.128,898.0,1708.0
1610612764,2017,4974.0,22.001,36.093,17.63,1139.0,2019.0,4842.0,21.062,35.614,16.474,1157.0,1922.0
1610612765,2017,4655.0,20.283,32.393,16.628999999999998,1048.0,1987.0,4371.0,18.941,32.068,15.693999999999999,938.0,1825.0
1610612766,2017,4718.0,19.652,32.274,15.668,936.0,1962.0,4664.0,19.485,32.481,15.703,933.0,1992.0
1610612737,2018,4993.0,19.669,32.807,14.922,1154.0,2032.0,4864.0,19.689,32.483,15.517,1084.0,1972.0
1610612738,2018,5288.0,21.948,38.34,16.858999999999998,1257.0,2181.0,5256.0,21.686,37.975,17.079,1167.0,2096.0
1610612739,2018,4637.0,19.631,35.131,15.583,928.0,1920.0,4357.0,18.605,32.383,14.648,843.0,1767.0
1610612740,2018,4839.0,19.826,31.752,14.182,1144.0,1970.0,5192.0,21.323,33.697,15.641,1197.0,2152.0
1610612741,2018,4572.0,19.75,34.532,14.783,990.0,1906.0,4544.0,19.573999999999998,34.067,15.318999999999999,908.0,1854.0
1610612742,2018,4755.0,19.496,31.813,14.761,1020.0,1959.0,4519.0,18.585,31.046,14.299999999999999,973.0,1881.0
1610612743,2018,5518.0,23.453,37.803,16.781,1340.0,2328.0,5523.0,22.823999999999998,38.533,17.86,1342.0,2334.0
1610612744,2018,6527.0,27.355,44.343,20.942,1679.0,2536.0,6193.0,25.78,42.952,20.433,1495.0,2434.0
1610612745,2018,5710.0,22.352,38.028,17.925,1051.0,2111.0,5285.0,21.254,38.479,16.698,986.0,1984.0
1610612746,2018,5391.0,21.687,36.519,17.644,1185.0,2157.0,5079.0,21.11,35.499,17.357,1013.0,1979.0
1610612747,2018,5107.0,21.687,32.134,14.783999999999999,1193.0,2147.0,4733.0,19.785999999999998,29.517,14.337,1057.0,1939.0
1610612748,2018,4696.0,19.847,30.033,15.443999999999999,1046.0,2056.0,4648.0,19.816,30.846,15.268,1071.0,2033.0
1610612749,2018,6075.0,24.456,38.764,18.406,1335.0,2606.0,5802.0,23.326,38.206,17.252,1286.0,2465.0
1610612750,2018,4908.0,19.863,33.739,15.395999999999999,1078.0,1981.0,4859.0,19.663,34.713,15.284,1024.0,1914.0
1610612751,2018,4992.0,19.977999999999998,33.014,15.334,1045.0,2089.0,5185.0,20.754,35.165,16.39,1095.0,2124.0
1610612752,2018,4653.0,19.322,33.667,15.032,917.0,1976.0,4464.0,18.371,32.577,14.546,830.0,1926.0
1610612753,2018,4844.0,20.683999999999997,35.005,15.748,1120.0,2069.0,4802.0,20.201,35.492,16.25,1165.0,2060.0
1610612754,2018,4658.0,20.482,32.052,16.305,1131.0,1910.0,4980.0,21.868,35.416,16.868,1162.0,1988.0
1610612755,2018,5773.0,23.657,38.384,18.340999999999998,1358.0,2340.0,5328.0,21.956,36.52,16.172,1230.0,2299.0
1610612756,2018,4605.0,19.982,33.013,14.6,1043.0,1726.0,4605.0,19.446,33.693,13.421999999999999,1000.0,1753.0
1610612757,2018,6115.0,24.749,41.141,19.698999999999998,1216.0,2511.0,5607.0,23.027,41.797,17.759,1114.0,2373.0
1610612758,2018,4805.0,19.352,30.373,15.51,1061.0,1962.0,5089.0,20.765,32.235,17.287,1135.0,1969.0
1610612759,2018,5280.0,22.892,38.138,19.423,1169.0,2128.0,5140.0,22.019,38.456,17.237,1114.0,2088.0
1610612760,2018,5235.0,20.621,33.042,16.843,1097.0,2180.0,5114.0,20.5,32.202,15.013,1014.0,2190.0
1610612761,2018,6367.0,26.406,45.522,20.142,1399.0,2491.0,6039.0,25.099,43.826,19.458,1305.0,2412.0
1610612762,2018,4931.0,20.451999999999998,32.683,15.958,1158.0,2123.0,5079.0,21.476,34.026,15.811,1172.0,2053.0
1610612763,2018,4621.0,19.935,33.822,14.299999999999999,1040.0,1883.0,4402.0,19.303,33.646,15.223999999999998,1032.0,1744.0
1610612764,2018,5015.0,20.628,32.551,14.613,1145.0,1879.0,4789.0,19.622,33.241,14.311,1111.0,1790.0
1610612765,2018,4867.0,19.957,33.655,15.482999999999999,1055.0,2079.0,4827.0,19.804,34.551,15.815999999999999,1000.0,2005.0
1610612766,2018,4975.0,20.212,34.933,15.915999999999999,1043.0,1991.0,4677.0,18.916,33.698,14.889999999999999,986.0,1833.0
1610612737,2019,4093.0,16.425,28.136,12.337,881.0,1610.0,3872.0,15.738,28.041,11.505,837.0,1524.0
1610612738,2019,5504.0,22.496,38.307,17.662,1152.0,2164.0,5294.0,21.837,38.066,16.81,1052.0,2241.0
1610612739,2019,4003.0,17.125,28.393,13.440999999999999,879.0,1655.0,3217.0,13.956999999999999,23.019,9.977,668.0,1336.0
1610612740,2019,4480.0,17.764,27.871,14.294,1048.0,1784.0,4831.0,19.724,30.514,15.506,1099.0,1911.0
1610612741,2019,3956.0,16.427,27.580000000000002,12.918999999999999,877.0,1621.0,3529.0,14.763,24.863,11.270999999999999,758.0,1350.0
1610612742,2019,5156.0,20.266,33.752,16.153,1089.0,2054.0,5200.0,20.674,34.888,16.25,1082.0,2113.0
1610612743,2019,5409.0,23.522,37.269,17.4,1308.0,2160.0,5492.0,23.338,39.784,18.000999999999998,1235.0,2162.0
1610612744,2019,4005.0,16.386,30.17,12.658,970.0,1611.0,3466.0,14.211,26.113,10.535,803.0,1407.0
1610612745,2019,5265.0,20.085,35.506,15.399999999999999,1008.0,2025.0,5462.0,21.149,37.583,16.714,988.0,1990.0
1610612746,2019,5507.0,22.152,37.132,17.494,1140.0,2305.0,4932.0,20.066,34.311,15.76,983.0,1957.0
1610612747,2019,5916.0,25.035,39.335,18.642,1357.0,2400.0,5497.0,23.486,34.864,16.724999999999998,1207.0,2178.0
1610612748,2019,5841.0,24.349,40.341,19.678,1357.0,2270.0,5536.0,23.323,40.573,18.427,1269.0,2188.0
1610612749,2019,5363.0,21.578,32.766,16.284,1200.0,2297.0,5364.0,21.768,34.573,16.053,1135.0,2333.0
1610612750,2019,3542.0,13.75,23.29,10.193999999999999,760.0,1494.0,4150.0,16.085,27.672,12.47,866.0,1575.0
1610612751,2019,4633.0,19.024,30.201,15.071,1011.0,1997.0,4449.0,17.387,30.564,13.23,988.0,1890.0
1610612752,2019,3789.0,16.044999999999998,25.016000000000002,11.722,800.0,1684.0,3609.0,15.161999999999999,23.826,11.954,747.0,1578.0
1610612753,2019,4304.0,17.783,31.016000000000002,13.67,988.0,1847.0,4982.0,20.468,35.519,15.921,1094.0,2021.0
1610612754,2019,4744.0,20.461,34.049,15.573,1130.0,1892.0,4446.0,19.458,31.987,15.073,1033.0,1719.0
1610612755,2019,4582.0,19.347,31.388,14.935,1066.0,1941.0,4631.0,19.448999999999998,31.641000000000002,15.072,1070.0,1939.0
1610612756,2019,4795.0,19.785,34.795,14.94,1134.0,1835.0,4255.0,17.473,31.644,13.379999999999999,1015.0,1637.0
1610612757,2019,4905.0,19.623,33.773,16.334,879.0,1947.0,5016.0,20.546,35.207,16.084,909.0,1981.0
1610612758,2019,4222.0,17.686,29.062,13.93,877.0,1636.0,4502.0,18.843,31.821,14.854,1007.0,1718.0
1610612759,2019,4327.0,17.886,30.904,14.53,982.0,1756.0,4624.0,19.294999999999998,32.566,15.042,964.0,1779.0
1610612760,2019,4870.0,20.682,34.277,15.608,954.0,1886.0,4447.0,18.866,32.703,14.402,863.0,1829.0
1610612761,2019,5177.0,21.046,36.875,17.051,1165.0,2107.0,4913.0,19.89,34.164,16.548,1105.0,1998.0
1610612762,2019,4684.0,20.038,32.552,16.149,936.0,1885.0,4883.0,20.621,34.355,16.448999999999998,983.0,1937.0
1610612763,2019,4397.0,18.405,29.845,13.046,1075.0,1849.0,4576.0,18.83,31.023,14.612,1062.0,1898.0
1610612764,2019,4411.0,17.612,29.64,14.31,937.0,1712.0,4559.0,18.267,31.464,14.597999999999999,1027.0,1630.0
1610612765,2019,3931.0,16.853,26.482,13.296999999999999,890.0,1524.0,3673.0,15.61,26.376,12.434,824.0,1459.0
1610612766,2019,3522.0,15.0,25.545,11.767,816.0,1441.0,3682.0,15.496,27.257,12.527,852.0,1571.0
1610612737,2020,5233.0,21.597,36.826,17.424,1123.0,2154.0,5818.0,23.779,42.628,18.253999999999998,1172.0,2311.0
1610612738,2020,4660.0,19.176,32.773,15.247,989.0,1806.0,4611.0,19.18,31.645,15.288,926.0,1858.0
1610612739,2020,4178.0,17.948999999999998,29.163,14.08,962.0,1690.0,3783.0,16.658,27.821,11.959,863.0,1610.0
1610612740,2020,4370.0,18.279,27.983,13.126,985.0,1823.0,4419.0,18.499,27.68,13.225,988.0,1847.0
1610612741,2020,4380.0,18.686,31.705,14.616,1018.0,1807.0,4258.0,18.375,29.571,13.621,1055.0,1750.0
1610612742,2020,4411.0,18.442999999999998,30.817,14.224,888.0,1713.0,4794.0,19.93,32.524,15.664,981.0,1836.0
1610612743,2020,5301.0,21.774,35.082,17.266,1250.0,2054.0,4833.0,20.766,34.841,16.143,1107.0,1867.0
1610612744,2020,4409.0,18.344,30.177,14.475999999999999,1097.0,1642.0,4551.0,18.365,31.66,14.907,1055.0,1780.0
1610612745,2020,4200.0,17.12,28.892,12.777999999999999,872.0,1681.0,4322.0,17.581,29.127,13.82,967.0,1656.0
1610612746,2020,5399.0,22.788,39.092,19.526,1156.0,2054.0,5322.0,22.733,40.216,18.83,1079.0,2076.0
1610612747,2020,4634.0,19.817999999999998,31.505,14.567,1027.0,1899.0,4385.0,18.971,29.895,14.95,979.0,1765.0
1610612748,2020,4302.0,18.674,32.075,14.587,1040.0,1645.0,4177.0,18.08,30.176000000000002,13.663,1020.0,1628.0
1610612749,2020,5933.0,24.159,36.654,18.592,1275.0,2502.0,5862.0,24.044999999999998,38.263,18.421,1215.0,2333.0
1610612750,2020,4286.0,17.09,30.003,13.402,990.0,1750.0,4352.0,17.36,28.677,13.516,966.0,1624.0
1610612751,2020,5534.0,23.139,38.263999999999996,18.160999999999998,1255.0,2104.0,5164.0,21.468,35.286,17.22,1115.0,1924.0
1610612752,2020,4448.0,18.858,32.577,15.971,882.0,1840.0,4345.0,18.722,32.076,16.108,897.0,1918.0
1610612753,2020,4030.0,16.602,29.852,13.845,865.0,1709.0,3916.0,16.066,29.073999999999998,11.905999999999999,804.0,1767.0
1610612754,2020,4542.0,18.756,30.845,13.74,1027.0,1682.0,4565.0,18.682,31.126,14.873,1133.0,1687.0
1610612755,2020,5367.0,22.417,34.607,17.52,1184.0,2084.0,4644.0,19.735,31.851,15.456,910.0,1886.0
1610612756,2020,5768.0,24.578,41.912,19.392,1326.0,2222.0,5667.0,24.474,42.909,18.36,1287.0,2105.0
1610612757,2020,4729.0,18.486,33.852,15.463,866.0,1854.0,4772.0,18.762999999999998,33.552,16.291,880.0,1775.0
1610612758,2020,4589.0,19.636,30.05,14.870999999999999,1039.0,1624.0,4392.0,18.131999999999998,28.373,13.549999999999999,969.0,1690.0
1610612759,2020,4197.0,17.512,29.479,13.616999999999999,947.0,1691.0,4423.0,18.264,32.262,13.363,957.0,1751.0
1610612760,2020,4099.0,17.362,27.417,13.354,870.0,1796.0,3977.0,16.573,28.165,12.946,831.0,1736.0
1610612761,2020,4104.0,16.391,30.53,13.129999999999999,876.0,1592.0,4442.0,18.021,31.72,15.144,989.0,1615.0
1610612762,2020,5391.0,21.645,36.728,17.737,1062.0,2241.0,4849.0,19.589,32.98,16.626,977.0,1940.0
1610612763,2020,4641.0,18.846,33.069,14.574,1095.0,1991.0,5010.0,20.612,32.816,15.41,1146.0,1967.0
1610612764,2020,4836.0,19.607,31.159,14.142,1037.0,1877.0,4760.0,19.599,32.45,14.841,1057.0,1868.0
1610612765,2020,4062.0,17.326999999999998,29.116,13.589,890.0,1676.0,4187.0,17.781,29.243,13.597,978.0,1667.0
1610612766,2020,4324.0,18.115,29.589,14.639,1080.0,1810.0,4336.0,17.747,29.845,14.411,1051.0,1663.0
1610612737,2021,5335.0,22.114,37.321,17.634,1165.0,2015.0,5147.0,21.387,37.992,16.726,1092.0,2065.0
1610612738,2021,6006.0,25.351,44.974,19.603,1348.0,2489.0,6104.0,25.427,44.541,19.603,1367.0,2500.0
1610612739,2021,4733.0,20.555,32.812,15.75,1117.0,1944.0,4820.0,21.086000000000002,34.957,15.601,1116.0,1972.0
1610612740,2021,5121.0,21.534,36.468,15.452,1175.0,2094.0,5117.0,21.404,37.206,16.21,1133.0,2180.0
1610612741,2021,5228.0,22.114,37.079,17.018,1139.0,2035.0,4872.0,21.128,36.482,15.939,1046.0,1866.0
1610612742,2021,5527.0,23.358,38.512,18.116,1178.0,2191.0,5719.0,24.514,42.069,18.805,1204.0,2223.0
1610612743,2021,5057.0,21.293,35.116,15.689,1241.0,1933.0,5278.0,22.935,37.974000000000004,16.632,1287.0,2117.0
1610612744,2021,6372.0,26.757,43.429,21.073,1579.0,2599.0,5781.0,24.553,40.674,18.842,1387.0,2336.0
1610612745,2021,4820.0,19.82,30.878,15.532,1056.0,1791.0,4598.0,19.349,30.193,14.002,960.0,1857.0
1610612746,2021,4906.0,20.656,35.792,16.918,1079.0,2014.0,4604.0,19.477,33.528,15.625,1031.0,1868.0
1610612747,2021,4897.0,20.532,31.679,15.1,1062.0,1946.0,4916.0,20.453,32.884,15.357000000000001,1039.0,1943.0
1610612748,2021,5959.0,25.496,43.744,19.879,1341.0,2333.0,5603.0,23.656,41.731,19.037,1284.0,2279.0
1610612749,2021,5585.0,22.627,38.027,17.739,1155.0,2356.0,5663.0,23.399,37.948,18.084,1167.0,2305.0
1610612750,2021,5197.0,20.564,35.073,16.319,1160.0,2092.0,5534.0,21.911,37.407,17.105,1210.0,2006.0
1610612751,2021,5084.0,21.742,36.653,15.527,1165.0,2063.0,5178.0,21.854,36.067,17.64,1117.0,1931.0
1610612752,2021,4694.0,19.183,33.02,15.838,990.0,2014.0,4502.0,18.429,31.267,14.92,908.0,1961.0
1610612753,2021,4476.0,18.793,34.376,13.78,1014.0,1876.0,4457.0,18.489,33.359,14.727,1018.0,1937.0
1610612754,2021,4886.0,20.428,33.403999999999996,14.867,1165.0,1877.0,4670.0,19.369,32.68,14.548,1016.0,1905.0
1610612755,2021,5394.0,23.054000000000002,40.321,17.945,1199.0,2031.0,5330.0,22.771,39.727,17.895,1099.0,2063.0
1610612756,2021,5756.0,24.623,39.303,18.826999999999998,1392.0,2285.0,5524.0,23.614,40.078,17.168,1297.0,2152.0
1610612757,2021,4661.0,19.204,33.186,14.825,989.0,1887.0,4421.0,18.762999999999998,31.998,14.286999999999999,962.0,1813.0
1610612758,2021,4756.0,19.93,33.561,15.409,1018.0,1829.0,4742.0,19.624,32.4,14.391,1018.0,1873.0
1610612759,2021,5000.0,20.774,32.298,15.725,1215.0,2002.0,4930.0,20.189,33.736,15.163,1221.0,1999.0
1610612760,2021,4603.0,19.291,33.334,14.536999999999999,997.0,2021.0,4325.0,17.697,31.392,13.311,919.0,1899.0
1610612761,2021,5089.0,20.82,34.145,16.198,1038.0,2078.0,5067.0,20.665,36.7,16.103,1022.0,2098.0
1610612762,2021,5353.0,22.121000000000002,35.296,16.64,1073.0,2154.0,4994.0,20.952,35.564,15.887,960.0,2098.0
1610612763,2021,5820.0,23.344,37.485,17.915,1328.0,2447.0,5651.0,22.47,36.891,17.320999999999998,1247.0,2444.0
1610612764,2021,4795.0,20.453,33.596000000000004,14.558,1099.0,1880.0,4551.0,20.012999999999998,33.339,14.829,1041.0,1842.0
1610612765,2021,4535.0,18.776,34.259,13.83,1010.0,1876.0,4480.0,18.42,33.006,14.232,1004.0,1822.0
1610612766,2021,4809.0,19.76,30.865,14.757,1194.0,1979.0,5124.0,20.75,33.589,16.506,1215.0,1898.0
